"lon";"lat";"code";"name";"id"
23,9639117790985;49,8973674337787;"0343";"Брюховицьке кладовище";36889
24,0124010872935;49,7740722529036;"0320";"Торгово-розважальний центр Кінг Кросс Леополіс";36287
23,994837982664;49,8356051903647;"0113";"Торговий центр Скриня";36614
23,9878395094681;49,8185595775596;"0532";"Кульпарків";36477
24,0165385498505;49,841833423973;"0016";"Театр імені Лесі Українки";36918
24,0212941064339;49,857789520658;"0613";"Шевченківська районна адміністрація";36791
24,0217178954582;49,8561087233785;"0609";"Шевченківська районна адміністрація";36780
23,9791416955089;49,8249231204362;"0156";"Вулиця Зоряна";36532
23,994827253828;49,835273033256;"0494";"Торговий центр Скриня";36612
24,0753740567207;49,8144133950134;"0364";"Торговий центр Метро-2";36443
24,07668297472;49,8177899451189;"0283";"Церква Благовіщення Пресвятої Богородиці";36465
24,0326616092148;49,829365625839;"0008";"Стрийський ринок";36558
24,0323665662231;49,8297947140832;"0080";"Стрийський ринок";36561
24,0667748234177;49,7878199007936;"0411";"Вулиця Коломийська - К. Трильовського";36311
24,0661632797623;49,7874926106749;"0407";"Вулиця К. Трильовського - Коломийська";36312
24,1306032861595;49,8177976023251;"0295";"Галицька лікарня";36652
24,1305281843071;49,8179862390989;"0294";"Галицька лікарня";36654
23,9678631563577;49,8421988832552;"0175";"Церква Вознесіння Господнього";36706
24,0043519531689;49,8365923347638;"0047";"Церква Ольги і Єлизавети";36632
24,0758056006287;49,7864372185657;"0384";"Станція Сихів";36307
24,0108497350178;49,8256448034257;"0471";"Вулиця Княгині Ольги";36540
24,0107585399113;49,8254838819749;"0472";"Вулиця Княгині Ольги";36538
23,9852642937126;49,8054011069923;"0547-01";"Вулиця Василя Симоненка  (44, 51 висадка)";37712
24,0364705215687;49,8761302383338;"0665";"Вулиця Пилипа Орлика";36873
23,9584426543922;49,8287630453662;"0104";"Вулиця Вільхова";36556
23,9646170995445;49,8298530740544;"0101";"Вулиця Вівсяна";36564
23,96307751157;49,8298323118327;"0098";"Вулиця Вівсяна";36560
23,9569996259422;49,8287319013285;"0099";"Вулиця Вільхова";36555
24,0607833816147;49,8624891607313;"0237";"Вулиця Кукурудзяна";36808
24,0047848465037;49,8362153137749;"0018-01";"площа Кропивницького (А36 висадка)";39193
24,0042553256485;49,8371529414721;"0018";"площа Кропивницького";36635
23,9381244702759;49,8760049435237;"0655-01";"Рясне 2 (висадка)";37265
24,1190546012834;49,839826143298;"49.83984624.119076";"на вимогу (Лисиничі, зі Львова)";38109
24,1267847276643;49,8344426189057;"0319";"Героїв Крут (Лисиничі у Львів)";36613
23,913476228714;49,9171879749277;"0710";"Бірки";39172
24,1063425525712;49,8730910977443;"0313";"Село Муроване";36874
24,0447521178525;49,7946894311404;"49.79663724.039297";"Вулиця Гната Хоткевича (буд. 34)";36340
24,0113165898743;49,8442081448583;"0077";"Вулиця Ярослава Мудрого";36698
24,0106755419197;49,8446414255554;"0681";"Вулиця Ярослава Мудрого";36701
24,0518069161873;49,7866824547039;"49.78309824.052104";"Вулиця М. Скрипника";36292
24,1355135960998;49,8265885514482;"49.826475, 24.135452";"Військовий шпиталь";54494
24,1370112334068;49,8234659037622;"49.823562, 24.137158";"Вулиця Винна Гора";54513
24,1369334493454;49,8231907672747;"49.823055, 24.136877";"Вулиця Лісна";54515
24,137107305664;49,8192456087336;"49.81930924.137118";"Вулиця Івасюка (Винники)";55015
24,0482383810353;49,7980694466512;"49.79806924.048236";"Торговий комплекс Шувар";55017
24,0084412618103;49,8095940260769;"0736";"Коледж зв'язку";55121
23,9826035423698;49,8273455725802;"0737";"вул. Окружна";55123
24,0408514607935;49,8081399419129;"49.01";"Вулиця Луганська";55329
23,9905388920942;49,8309012638585;"49.83089623.990522";"Кардіологічний центр";55336
24,0712247629556;49,8279908320274;"0734";"Вулиця Пасічна";55344
24,0178849246979;49,8689884943277;"0739";"Голоско";55346
23,9927825255814;49,8043398747438;"0540-01";"Вулиця Івана Пулюя";55460
24,0223592443886;49,8397555481149;"0078-01";"Університет імені Івана Франка";55462
24,0279158911915;49,8413315277963;"0708-01";"пл. Івана Підкови (висадка)";55466
24,0168086602264;49,7874045675351;"0433-01";"Автовокзал (висадка)";55468
24,0074088587338;49,8078663731384;"49.80789824.007410";"Вулиця Тролейбусна";55470
24,012039692598;49,8059458225558;"49.80599024.011979";"вулиця Івана Рубчака";55472
24,0181645168835;49,8053529377863;"49.80531824.018124";"Боднарівка";55474
24,0900454482888;49,7799947273455;"0391";"вул. Пасіки Зубрицькі";55482
24,018125567152;49,8427973446578;"0679";"Церква Святої Анни";55540
24,0695714871025;49,7853298834428;"0354-01";"Вулиця Б.-І. Антонича (висадка)";56213
23,9423409028473;49,8267183440195;"49.82676023.942297";"Авіаційна";56237
24,0435612170499;49,7980699542446;"49.79805624.043545";"Вулиця Чукаріна";56257
24,0437194673818;49,7979478959293;"49.79795824.043662";"Вулиця Чукаріна";56259
24,0124529568952;49,869100651491;"0769";"Заозерні Провулки";56261
24,0125870673459;49,8689199935996;"0770";"Заозерні Провулки";56263
24,0391188703846;49,7966099206678;"49.79663824.039156";"Вулиця Гната Хоткевича (на висадку)";56266
23,9923694653931;49,8618898992763;"0761";"Вулиця Винниця";56274
23,9939036889496;49,8620308157079;"0762";"Вулиця Винниця";56276
24,0046593470993;49,8628408610873;"0776";"Вулиця Тунельна";56278
24,0038466377678;49,862701676028;"0775";"Вулиця Тунельна";56281
24,0340751333655;49,8268325434804;"0037";"Стрийський парк";64016
24,0262774001012;49,8615046055581;"0704-01";"Вулиця Торф'яна";64020
24,0130111140398;49,8368391642575;"0070";"Собор Святого Юра";64118
24,0116565984872;49,8373183538379;"0771";"Собор Святого Юра";64120
24,0416487684975;49,819014506828;"0793";"Стадіон Україна";64149
24,041557573391;49,8190768073962;"0792";"Стадіон Україна";64151
24,046331222229;49,8104563542972;"0796";"Вулиця Угорська";64155
24,0516716085744;49,7972332111672;"0782";"Дитяча поліклініка";64161
24,0516421042752;49,7973734504239;"0783";"Дитяча поліклініка";64163
24,0352320671082;49,8424038598667;"0057";"Вулиця Підвальна";36685
23,9795976877213;49,8061176927433;"49.80702223.978666-1";"ТРЦ Вікторія Гарденс";64171
23,9793938398361;49,8060865341272;"49.807023 23.978204";"ТРЦ Вікторія Гарденс";64169
24,0220798552036;49,8367758369982;"0052";"Головна пошта";36628
24,021176390213;49,8504668928177;"0727";"ТРЦ Форум-Львів";35526
24,00568;49,83705;"0046стара";"площа Кропивницького";36633
23,87338;49,83707;"0322";"Народний дім (Рудно)";36634
23,97735;49,83756;"0179";"Вулиця Сяйво";36639
23,99969;49,83766;"0190";"Приміський вокзал";36640
24,03301;49,83767;"0039";"Вулиця Князя Романа";36641
24,00016;49,8377;"0189";"Приміський вокзал";36642
24,00551;49,83773;"0094";"площа Кропивницького";36643
23,99482;49,83856;"0191-А29";"Головний залізничний вокзал (А29)";36645
23,99505;49,83865;"0191-А32";"Головний залізничний вокзал (А32)";36646
23,99527;49,83873;"0191-А31";"Головний залізничний вокзал (А31)";36647
23,99545;49,8388;"0191-А16";"Головний залізничний вокзал (А16)";36649
24,03252;49,83924;"0010";"Площа Галицька";36651
24,06693;49,83928;"0276";"Вулиця П. Ніщинського";36653
24,06665;49,83935;"0277";"Вулиця П. Ніщинського";36655
24,02329;49,83963;"0071";"Вулиця Січових Стрільців";36656
24,03705;49,83972;"0240";"Площа Митна";36657
24,02235;49,83979;"0078";"Університет імені Івана Франка";36658
23,88677;49,83981;"49.83981223.886773";"Вулиця Лесі Українки (Рудно)";36659
24,03788;49,83982;"0042";"Площа Митна";36661
23,88743;49,83993;"0323";"Вулиця Лесі Українки (Рудно)";36662
24,02818;49,84;"0067";"Проспект Свободи";36664
24,04267;49,84007;"0241";"Вулиця А. Чехова - Академія ветеринарної медицини";36665
24,04903;49,84011;"0245";"Вулиця У. Кармелюка - Медичний університет";36666
24,01253;49,84022;"0015";"Цирк";36667
24,04308;49,84022;"0242";"Вулиця А. Чехова - Академія ветеринарної медицини";36668
24,08598;49,84024;"0205";"Вулиця Богданівська";36669
24,08493;49,84024;"0213";"Вулиця Богданівська";36670
24,08567;49,84049;"0198";"Вулиця Богданівська";36671
24,02065;49,8405;"0041";"Вулиця Листопадового Чину";36672
24,09637;49,84126;"0206";"Кладовище";36673
24,09626;49,84135;"0207";"Кладовище";36674
23,96861;49,84174;"0194";"Церква Вознесіння Господнього";36675
23,9667902727517;49,8418736904584;"0193";"Церква Вознесіння Господнього";36676
24,101;49,84195;"0211";"Вулиця Глинянський Тракт";36677
24,10097;49,84199;"0208";"Вулиця Глинянський Тракт";36678
23,97337;49,84211;"0195";"Вулиця Олешківська";36679
23,97891;49,84214;"0181";"Вулиця Широка";36680
23,9717;49,84217;"0192";"Вулиця Низинна";36681
24,10391;49,84225;"0212";"Товариство Провесінь-агроінвест";36682
24,10389;49,84238;"0209";"Товариство Провесінь-агроінвест";36683
24,06929;49,8424;"0235";"Шевченківський гай";36684
24,06947;49,84244;"0232";"Шевченківський гай";36686
24,01545;49,84251;"0060";"Правничий ліцей";36687
24,03484;49,84284;"0059";"Вулиця Підвальна";36688
23,97868;49,84284;"0196";"Вулиця Широка";36689
23,98052;49,84305;"0145";"Вулиця Широка";36691
23,95849;49,84397;"0164";"Вулиця Роксоляни";36693
24,02401;49,84399;"0013";"Торговий центр Магнус";36694
23,95836;49,84403;"0165";"Вулиця Роксоляни";36695
24,02561;49,84407;"0068";"Театр опери та балету";36696
24,07372;49,84408;"0233";"Кривчиці";36697
24,07382;49,84425;"0234";"Кривчиці";36699
24,03225;49,84434;"0021";"Театр ляльок";36700
23,97169;49,84439;"0159";"Вулиця Пілотів";36702
24,02446;49,84439;"0082";"Торговий центр Магнус";36703
23,98391;49,84444;"0143";"Притулок для неповнолітніх";36704
23,93796;49,84445;"0087";"Вулиця Білогорща";36705
23,93821;49,84449;"0091";"Вулиця Білогорща";36707
23,97168;49,84452;"0160";"Вулиця Пілотів";36708
23,98418;49,84467;"0144";"Притулок для неповнолітніх";36709
23,96658;49,84473;"0176";"Залізнична поліклініка";36710
24,02792;49,84477;"0040";"Вулиця Театральна";36711
23,94559;49,84483;"0093";"Вулиця Л. Гайовської";36712
23,94558;49,84487;"0088";"Вулиця Л. Гайовської";36713
23,93249;49,84503;"0089";"Вулиця І. Лаврівського";36714
23,93268;49,84508;"0092";"Вулиця І. Лаврівського";36715
24,02397;49,84519;"0053";"Торговий центр Магнус";36717
23,97812;49,84529;"0158";"Вулиця Є. Олесницького";36718
23,97809;49,84532;"0157";"Вулиця Є. Олесницького";36719
24,02607;49,8455;"0062";"Площа Різні";36720
23,96677;49,8455;"0178";"Залізнична поліклініка";36721
23,92925;49,84587;"0090";"Білогорща";36722
23,98538;49,84625;"0162";"Холодокомбінат";36724
23,98532;49,84637;"0163";"Холодокомбінат";36726
24,02564;49,84654;"0007";"Проспект В'ячеслава Чорновола";36727
23,99056;49,84686;"0140";"Вулиця Естонська";36728
24,02678;49,84693;"0069";"Площа Святого Теодора";36730
24,00325;49,84696;"0182";"Вулиця О. Турянського";36731
24,00257;49,84729;"0682";"Вулиця О. Турянського";36733
23,96536;49,84768;"0177";"Вулиця Суботівська";36734
23,9999;49,84804;"0183";"Вулиця В. Єрошенка";36735
23,99992;49,84816;"0683";"Вулиця В. Єрошенка";36736
23,99398;49,8484;"0142";"Вулиця Левандівська";36737
23,99446;49,84846;"0139";"Вулиця Левандівська";36738
24,08323;49,84903;"0202";"Вулиця Старознесенська";36740
24,08336;49,84906;"0201";"Вулиця Старознесенська";36741
23,99457;49,84974;"0697";"Янівське кладовище";36743
24,02562;49,85041;"0055";"Вулиця Під Дубом";36744
24,02568;49,85049;"0056";"Вулиця Під Дубом";36745
24,04494;49,85083;"0265";"Вулиця М. Кордуби";36746
24,04982;49,85084;"0264";"Вулиця Заклинських";36747
24,04981;49,85085;"0263";"Вулиця Заклинських";36748
24,04492;49,85092;"0266";"Вулиця М. Кордуби";36749
23,99169;49,85106;"0184";"Крупзавод";36750
23,99171;49,85114;"0684";"Крупзавод";36751
24,02442;49,85117;"0615";"Палац культури імені Гната Хоткевича";36752
24,05903;49,85134;"0290";"Церква Вознесіння Господнього";36754
24,03205;49,85187;"0579";"Станція Підзамче";36755
24,02934;49,85198;"0630";"Вулиця Гайдамацька";36756
24,02743;49,85229;"0640";"Палац культури імені Гната Хоткевича";36757
24,03307;49,85234;"0581";"Станція Підзамче";36758
24,07752;49,85295;"0203";"Вулиця С. Гайдучка";36759
24,03662;49,85313;"0580";"Вулиця Якова Остряниці";36760
24,07728;49,85336;"0204";"Вулиця С. Гайдучка";36761
24,0411;49,85345;"0275";"Вулиця Промислова";36762
24,0384;49,85347;"0584";"Вулиця Якова Остряниці";36763
24,04143;49,85364;"0582";"Вулиця Промислова";36764
23,9853;49,85377;"0186";"Вулиця Омеляна Ковча";36765
23,98497;49,85399;"0696";"Вулиця Омеляна Ковча";36766
23,98653;49,8541;"0628";"Вулиця Татарбунарська";36767
23,98623;49,85418;"0629";"Вулиця Татарбунарська";36768
24,02271;49,85426;"0608";"Вулиця Хімічна";36769
24,02305;49,85433;"0616";"Вулиця Хімічна";36770
24,07623;49,85477;"0200";"Авторинок";36771
24,07608;49,85481;"0199";"Авторинок";36772
24,01443;49,85509;"0621";"Вулиця В. Липинського";36774
24,04539;49,85527;"0272";"Вулиця Новознесенська";36775
24,05346;49,85552;"0273";"Церква Пресвятої Богородиці";36776
24,04511;49,85558;"0586";"Вулиця Новознесенська";36777
24,05365;49,85558;"0274";"Церква Пресвятої Богородиці";36778
24,04547;49,85569;"0583";"Вулиця Новознесенська";36779
24,01946;49,85619;"0596";"Вулиця Т. Окуневського";36781
24,0636;49,85697;"0289";"Вулиця Польова";36782
24,02299;49,85731;"0597";"Шевченківська районна адміністрація";36783
24,0574;49,85749;"0229";"Вулиця Милятинська";36784
24,05731;49,85751;"0228";"Вулиця Милятинська";36785
24,02062;49,85782;"0610";"Шевченківська районна адміністрація";36786
24,0116;49,85785;"0622";"Вулиця Струмок";36788
24,04735;49,85808;"0588";"Вулиця Височана";36789
24,04745;49,85815;"0585";"Вулиця Височана";36790
24,05918;49,85903;"0230";"Вулиця Ковельська";36792
24,06033;49,85937;"0288";"Вулиця Ковельська";36793
24,0263;49,85974;"0602";"Вулиця Замарстинівська";36794
24,06013;49,85978;"0231";"Вулиця Ковельська";36795
23,97058;49,85993;"0685";"Вулиця Брюховицька";36796
23,97017;49,86021;"0687";"Вулиця Брюховицька";36797
24,02751;49,86062;"0598";"Вулиця Замарстинівська";36798
24,02676;49,86136;"0646";"Вулиця Торф'яна";36799
23,9663;49,86165;"0686";"Вулиця Т. Шевченка";36800
24,01858;49,86173;"0611";"Вулиця Торф'яна";36801
23,96636;49,8618;"0689";"Вулиця Т. Шевченка";36802
24,05045;49,86192;"0590";"Торговий центр Фуршет";36803
24,00757;49,86216;"0627";"Вулиця Варшавська-Панча";36805
24,02667;49,86218;"0647";"Вулиця Торф'яна";36806
24,05103;49,86228;"0587";"Торговий центр Фуршет";36807
24,0187;49,86256;"0618";"Вулиця Торф'яна";36809
23,96353;49,86293;"0691";"Вулиця І. Біберовича";36810
23,96327;49,86296;"0688";"Вулиця І. Біберовича";36811
24,03264;49,86345;"0603";"Вулиця Л. Бетховена";36812
24,03361;49,86362;"0599";"Вулиця Л. Бетховена";36813
24,05239;49,86407;"0591";"Автостанція № 2";36814
23,96;49,86425;"0690";"Вулиця Порічкова";36815
23,95994;49,86445;"0692";"Вулиця Порічкова";36816
24,02839;49,86459;"0571";"Вулиця А. Лінкольна";36817
24,02829;49,86461;"0573";"Вулиця А. Лінкольна";36818
24,04142;49,8649;"0600";"БТІ";36819
24,05168;49,86491;"0605";"Автостанція № 2";36820
24,04077;49,86493;"0604";"БТІ";36821
24,05098;49,86513;"0601";"Автостанція № 2";36822
24,04367;49,86527;"0607";"Вулиця В. Липинського - І. Миколайчука";36823
24,01112;49,86541;"0624";"Школа № 23";36825
24,01061;49,86543;"0625";"Школа № 23";36826
24,01692;49,86585;"0617";"Вулиця Варшавська";36828
23,95649;49,86631;"0702";"Промисловий ринок";36829
23,9567;49,86638;"0701";"Промисловий ринок";36830
24,04174;49,86658;"0572";"Вулиця А. Лінкольна";36832
24,04157;49,86667;"0570";"Вулиця А. Лінкольна";36833
24,01511;49,86717;"0670";"Вулиця Варшавська";36834
23,95261;49,86811;"0694";"Рясне 1";36835
23,9508;49,86834;"0699";"Рясне 1";36836
24,05626;49,8685;"0589";"вул. Грінченка";36837
24,03396;49,86879;"0667";"Вулиця Тичини (ЦНАП)";36838
24,03404;49,86887;"0666";"Вулиця Тичини (ЦНАП)";36839
24,02495;49,86935;"0636";"Вулиця Гетьмана Мазепи";36841
24,02555;49,86953;"0637";"Вулиця Гетьмана Мазепи";36842
24,01849;49,87003;"0614";"Вулиця Замарстинівська";36843
24,04256;49,87011;"0663";"Вулиця М. Хвильового";36844
24,02037;49,87037;"0648";"Вулиця Замарстинівська";36845
23,94625;49,87041;"0695";"Вулиця М. Стельмаха";36846
23,94543;49,87045;"0700";"Вулиця М. Стельмаха";36847
24,05552;49,87046;"0576";"Вулиця Чигиринська";36848
24,03257;49,8705;"0631";"Вулиця Пилипа Орлика";36849
24,03145;49,87057;"0638";"Вулиця Пилипа Орлика";36850
24,00357;49,87058;"0668";"Вулиця Під Голоском";36851
24,05565;49,87063;"0575";"Вулиця Чигиринська";36852
24,05782;49,87082;"0592";"ТЦ ВАМ";36853
24,0053;49,87091;"0669";"Вулиця Під Голоском";36854
24,01868;49,87114;"0649";"Замарстинів";36855
24,01807;49,8713;"0653";"Замарстинів";36856
24,03795;49,87164;"0632";"Поліклініка № 2";36857
24,0395;49,8717;"0633";"Поліклініка № 2";36858
24,04323;49,87236;"0635";"Вулиця Плугова";36859
23,9338;49,87238;"0693";"Вулиця Панаса Сотника";36860
24,04388;49,87266;"0634";"Вулиця Плугова";36861
23,93305;49,87272;"0698";"Вулиця Панаса Сотника";36862
24,05012;49,87285;"0577";"Вулиця Грінченка";36863
24,05047;49,87328;"0639";"Вулиця Грінченка";36864
24,01351;49,87379;"0654";"Поліклініка МВС";36866
24,01351;49,87392;"0650";"Поліклініка МВС";36867
24,04142;49,87503;"0659";"Лікарня швидкої допомоги";36870
23,93242;49,87519;"0657";"Вулиця І. Величковського";36871
23,93245;49,87522;"0656";"Вулиця І. Величковського";36872
23,93798;49,87546;"0655";"Рясне 2";36875
24,0622;49,87575;"0594";"Вулиця Богдана Хмельницького";36876
24,09248;49,87585;"0312";"Магазин";36877
24,09241;49,87602;"0311";"Магазин";36878
24,0388;49,87629;"0664";"Дитяча клінічна лікарня";36879
24,06676;49,87681;"0083";"Вулиця Нова (Муроване)";36880
24,06634;49,87687;"0084";"Вулиця Нова (Муроване)";36881
24,00407;49,87749;"0652";"Дитячий диспансер";36882
24,00392;49,87753;"0651";"Дитячий диспансер";36883
24,08379;49,87833;"0309";"Вулиця Івана Франка (Муроване)";36884
24,03657;49,87883;"0662";"Вулиця І. Миколайчука";36885
24,03809;49,87987;"0619";"Вулиця В. Щурата";36886
23,94646;49,89485;"0353";"Брюховичі (вулиця Смолиста)";36887
23,94606;49,89507;"0347";"Брюховичі (вулиця Смолиста)";36888
23,93581;49,90118;"0329";"Вулиця Арктична";36890
23,95993;49,90127;"0344";"Джерело";36891
23,93588;49,90128;"0328";"Вулиця Арктична";36892
23,96009;49,9013;"0345";"Джерело";36893
23,94159;49,90176;"0348";"Вулиця Незалежності України";36894
23,94042;49,9019;"0333";"Вулиця В. Івасюка";36895
23,94032;49,90199;"0327";"Вулиця В. Івасюка";36896
23,93105;49,90265;"0330";"Вулиця Ягідна";36897
23,93091;49,90267;"0331";"Вулиця Ягідна";36898
23,93984;49,90366;"0349";"Вулиця Незалежності України";36899
23,96016;49,90375;"0341";"Вулиця Курортна";36900
23,94065;49,90412;"0339";"Вулиця Незалежності України";36901
23,96006;49,90438;"0337";"Вулиця Курортна";36902
23,96016;49,90447;"0336";"Вулиця Курортна";36903
23,92684;49,90483;"0332";"Брюховичі";36904
23,95706;49,9057;"0335";"Вулиця Пляжна";36905
23,95738;49,90575;"0340";"Вулиця Пляжна";36906
23,94764;49,90687;"0334";"Пансіонат Львів";36907
23,94765;49,90703;"0338";"Пансіонат Львів";36908
23,96823;49,9173;"0351";"Брюховичі (вулиця Січових Стрільців)";36909
23,96835;49,91734;"0352";"Брюховичі (вулиця Січових Стрільців)";36910
23,98242;49,92224;"0350";"Брюховичі (вулиця Під Осовою)";36911
24,01212;49,840261;"0017";"Цирк";37096
23,9641478134918;49,8974883774202;"0342";"Брюховицьке кладовище пр";37257
23,993486387558;49,850350500212;"0185";"Янівське кладовище";37260
24,0116983485316;49,7742420061797;"0320-01";"Торгово-розважальний центр Кінг Кросс Леополіс (висадка)";37270
24,011374346344;49,8063062788022;"49.80626224.011293";"вулиця Івана Рубчака";37279
24,0563401503982;49,8691358465464;"0738";"Скейтпарк";37283
23,999526484022;49,8361241812794;"0749";"Привокзальний ринок";37286
24,0323290152969;49,829382927858;"0081";"Стрийський ринок";37290
24,0671549645233;49,7835499632695;"0406-01";"Вулиця К. Трильовського (висадка)";37292
24,0721472228889;49,7969772758489;"0394";"Вулиця Сихівська";37295
23,9975568576279;49,8363480950576;"0111-01";"Приміський вокзал (висадка)";37313
23,9069517202377;49,8307896837351;"0314-01";"Торговий центр Три слони (висадка)";37317
23,9661957923367;49,8477122942611;"0177-01";"Вулиця Суботівська (висадка)";37319
24,0362554681534;49,8789434228185;"0662-01";"Вулиця І. Миколайчука (висадка)";37323
23,9945866342545;49,839476135817;"0191-01";"Головний залізничний вокзал (висадка)";37621
24,0229231676911;49,8393821016261;"0071-01";"Вулиця Січових Стрільців (висадка)";37707
24,0442700593434;49,8084872174752;"49.80850924.044295";"Вулиця Луганська";37710
23,9883439203613;49,8094256525602;"49.80943123.988345";"Церква Володимира і Ольги";37714
23,9810949687756;49,8139895140121;"0767";"ресторан Три Корони";37781
23,9814329271115;49,8140310520464;"0768";"ресторан Три Корони";37783
23,9877067681653;49,8047264984209;"0543";"Вулиця І. Пулюя (висадка А45)";38101
23,8730196616859;49,8371885011617;"0322-01";"Народний дім (Рудно, висадка)";38103
24,1579658972394;49,817688209786;"0298-01";"Винники (Кільцева дорога, висадка) пр.";38105
24,1192828125305;49,8398739712809;"49.83991124.119242";"на вимогу (Лисиничі, у Львів)";38107
24,0226790889786;49,7934321285596;"0417-01";"вул. М. Максимовача (А9 висадка)";38111
24,0835705980347;49,8783889125151;"0310";"Вулиця Івана Франка (Муроване)";38113
24,0607431484795;49,8623525681917;"0236";"Вулиця Кукурудзяна";38116
23,9598442870331;49,8141742270405;"0153-01";"Аеропорт (Термінал А) (висадка)";38118
24,0712040945816;49,8360065400709;"0256";"Автостанція № 6";38413
23,972416623821;49,8173690955623;"0772";"Вулиця О. Кульчицької";38427
24,0272531601505;49,8401204407385;"0050";"Вулиця Дорошенка";38567
24,057826283886;49,818192310651;"49.81826724.057927";"Вулиця Дністерська";38768
24,0577726397057;49,8180192501556;"49.81800524.057793";"Вулиця Дністерська";38770
24,0443298234177;49,8658232504384;"0660";"Вулиця І. Миколайчука (А39)";39126
23,929470220108;49,8459336674514;"0090-01";"Білогорща (висадка)";39128
23,9708976897183;49,8604692421277;"0718";"Вулиця Брюховицька";39130
23,9674751910153;49,8674265966165;"0720";"Фанерний завод";39132
23,9673786314907;49,867267543044;"0719";"Фанерний завод";39134
23,9644389304104;49,8713681917463;"49.87132523.964331";"Кам'янка";39136
23,9643745573941;49,8714892005425;"49.87149023.964294";"Кам'янка";39138
24,0231632145825;49,8302595286214;"0019";"Парк культури";39144
23,9463983925762;49,8946136002013;"0714";"Брюховичі (вулиця Смолиста)";39156
24,0324957650824;49,8221527164472;"0713";"Музей Івана Франка";39164
24,0324202104034;49,8291614615476;"0032";"Стрийський ринок";39166
24,0310603304328;49,8297981744569;"49.82976224.031172";"Стрийський ринок";39168
23,9396001380606;49,9038858868756;"49.90395823.939536";"Вулиця Незалежності України (А54)";39170
24,1265272355989;49,8343180572628;"49.83539424.121503";"Героїв Крут (Лисиничі зі Львова)";39263
24,1357603593292;49,826354980305;"49.826252, 24.135704";"Військовий шпиталь";39415
24,1216214753106;49,8355377095399;"49.83553624.121465";"центр (Лисиничі, до Львова)";39417
24,1214498139337;49,8353941208693;"49.835412, 24.121504";"центр (Лисиничі, зі Львова)";39419
23,9579683396338;49,872761724994;"0721";"Школа";51453
23,9573353383063;49,8727669109418;"0722";"Школа";51455
23,9684272408485;49,8368242750713;"0746";"Протезний завод";50779
24,026171020081;49,8397376946764;"0051";"Вулиця Дорошенка";44858
24,0160529867277;49,8666054154657;"0612-01";"Вулиця Варшавська (висадка)";45578
24,0199448720083;49,8883194589183;"49.88832324.019938";"Голосківське кладовище";45580
24,0199341431723;49,8884602982462;"49.88847924.019869";"Голосківське кладовище";45582
24,0186466828451;49,9003290709658;"49.90067324.018217";"Збиранка";45584
24,0541893540444;49,9111772839228;"49.91120424.054188";"Великі Грибовичі";45586
24,0616846896487;49,8743539263179;"49";"Ринок Галицьке Перехрестя (на Жовкву)";45592
24,0618858553248;49,879869549592;"49.87985824.061919";"вул. Жовквівська (Малехів)";45594
24,0616283632593;49,8797978211486;"49.87977524.061576";"вул. Жовквівська (Малехів)";45596
23,96524;49,82279;"0122";"Вулиця М. Кричевського";36509
24,08435;49,82297;"0270";"Вулиця Майорівка";36511
24,00674;49,82309;"0515";"Вулиця О. Шумського";36513
23,97825;49,82311;"0170";"Вулиця Садова";36514
23,96755;49,82325;"0126";"Вулиця Патона";36516
24,05227;49,82349;"0025";"Вулиця Кримська";36517
23,92889;49,82352;"0102";"Вулиця Станційна";36518
23,93011;49,82352;"0106";"Вулиця Станційна";36519
24,0077;49,82375;"0513";"Вулиця О. Шумського";36520
24,05159;49,82385;"0222";"Вулиця Кримська";36521
23,95569;49,82406;"0168";"Завод ЛОРТА";36523
24,02062;49,82412;"0567";"Військова академія";36524
23,91016;49,82417;"0316";"Епіцентр пр";36525
24,08001;49,82428;"0268";"Вулиця Каштанова";36526
23,95609;49,8243;"0167";"Завод ЛОРТА";36527
23,91037;49,82449;"0315";"Епіцентр зв";36528
24,07935;49,82458;"0269";"Вулиця Каштанова";36529
23,93947;49,82488;"0086";"Вулиця Авіаційна";36530
24,02297;49,82515;"0076";"Парк культури";36534
23,99025;49,82558;"0477";"Вулиця В. Антоновича";36535
24,00941;49,82578;"0512";"Вулиця І. Горбачевського";36536
23,9677;49,82586;"0127";"Поліклініка № 5";36537
24,07315;49,82596;"0281";"Вулиця Медової Печери";36539
24,07333;49,82607;"0280";"Вулиця Медової Печери";36541
24,00942;49,82609;"0526";"Вулиця І. Горбачевського";36542
23,96789;49,82628;"0125";"Поліклініка № 5";36543
24,04356;49,82631;"0024";"Вулиця Водогінна";36544
23,98981;49,82649;"0531";"Вулиця Кульпарківська";36545
24,07319;49,82652;"0271";"Вулиця Медової Печери";36546
23,98352;49,82663;"0554";"Вулиця Окружна";36547
24,07295;49,82667;"0267";"Вулиця Медової Печери";36548
23,9465;49,82684;"0115";"Церква Воскресіння Христового";36549
23,9491;49,82703;"0116";"Церква Воскресіння Христового";36550
24,0449;49,8271;"0221";"Вулиця Водогінна";36553
23,98315;49,82738;"0536";"Вулиця Окружна";36554
23,99209;49,82917;"0493";"Вулиця Т. Копистинського";36557
24,0328600926819;49,8293517842194;"0009";"Стрийський ринок";36559
24,0444;49,82987;"0220";"Львівводоканал";36562
23,99809;49,82989;"0476";"Вулиця Максима Залізняка";36563
24,06906;49,8301;"0279";"Вулиця Таджицька";36566
24,00789;49,83025;"0490";"Вулиця І. Горбачевського";36567
24,02382;49,83025;"0020";"Парк культури";36568
24,03211;49,83057;"0031";"Площа Івана Франка";36569
23,96739;49,83061;"0097";"Мотозавод";36570
23,99553;49,83063;"0492";"Вулиця С. Смаль-Стоцького";36571
23,96915;49,83065;"0100";"Мотозавод";36572
24,06863;49,83071;"0278";"Вулиця Таджицька";36573
24,00874;49,83072;"0489";"5-та Міська лікарня";36574
24,04321;49,83081;"0219";"Вулиця Йосипа Сліпого";36575
23,907;49,83098;"0314";"Торговий центр Три слони";36577
24,01664;49,83166;"0470";"Трамвайне депо";36578
24,00165;49,83193;"0475";"Вулиця Андрія Мельника";36579
24,01136;49,83198;"0487";"Вулиця Київська";36580
24,01219;49,83246;"0488";"Вулиця Київська";36581
23,9791;49,83253;"0498";"Богданівка";36582
23,97852;49,83255;"0114";"Богданівка";36583
24,01855;49,83263;"0044";"Вулиця Академіка Сахарова";36584
24,01713;49,83264;"0027";"Вулиця Академіка Сахарова";36585
24,00115;49,83334;"0491";"Площа Липнева";36586
23,98455;49,83347;"0497";"Вулиця Народна";36587
23,98539;49,83376;"0096";"Вулиця Народна";36588
24,03548;49,83383;"0292";"Вулиця Шота Руставелі";36589
24,08848;49,83394;"0262";"Вулиця Дріжджова";36590
23,99071;49,83402;"0535";"Вулиця Кульпарківська-Городоцька";36591
24,03532;49,83409;"0291";"Вулиця Шота Руставелі";36592
24,08806;49,8341;"0259";"Вулиця Дріжджова";36593
24,03577;49,83415;"0217";"Вулиця Шота Руставелі";36594
24,03608;49,83419;"0218";"Вулиця Шота Руставелі";36595
24,03421;49,8342;"0036";"Вулиця П.Саксаганського";36596
23,99086;49,8342;"0529";"Вулиця Кульпарківська-Городоцька";36597
24,06784;49,8343;"0285";"Вулиця Пасічна";36598
24,01601;49,83438;"0011";"Львівська політехніка";36599
23,99003;49,83449;"0496";"Вулиця Кульпарківська";36600
24,00686;49,8345;"0474";"Вулиця Степана Бандери";36601
23,98985;49,83451;"0095";"Вулиця Кульпарківська";36602
24,0165;49,83453;"0012";"Львівська політехніка";36603
24,01623;49,83461;"0065";"Львівська політехніка";36605
24,01011;49,8347;"0556";"Вулиця Степана Бандери";36606
24,01508;49,83477;"0064";"Львівська політехніка";36608
24,08409;49,83482;"0261";"Вулиця О. Бахматюка";36609
24,0068;49,8349;"0557";"Вулиця Русових";36610
24,0838;49,83496;"0258";"Вулиця О. Бахматюка";36611
24,07547;49,83562;"0254";"Вулиця Яловець";36615
24,007;49,83566;"0049";"Вулиця Степана Бандери";36616
24,07493;49,83581;"0257";"Вулиця Яловець";36617
24,07069;49,83589;"0253";"Автостанція № 6";36618
23,87602;49,83591;"0321";"Вулиця Володимира Великого";36619
24,07042;49,83613;"0210";"Автостанція № 6";36620
24,06755;49,83614;"0255";"Церква Покрови Пресвятої Богородиці";36621
23,99674;49,83628;"0111";"Приміський вокзал";36622
24,01588;49,83636;"0048";"Вулиця М. Устияновича";36623
24,0056;49,83644;"0079";"площа Кропивницького";36624
23,99929;49,83646;"0110";"Привокзальний ринок";36625
23,87831;49,8365;"0324";"Рудно пр";36626
24,03487;49,83667;"0030";"Вулиця Володимира Шухевича";36627
23,9768;49,83688;"0180";"Вулиця Сяйво";36629
24,02416;49,83691;"0045";"Головна пошта";36630
24,03495;49,83697;"0029";"Вулиця Володимира Шухевича";36631
24,05592;49,82067;"0369";"Вулиця Липова Алея";36490
23,9165790564918;49,8210552542432;"0109";"Кільцева дорога";36492
23,91833;49,82158;"0105";"Торговий центр Метро";36494
24,01647;49,82161;"0473";"Кредобанк";36495
23,97936;49,82186;"49.82185523.979363";"Стоматологічна клініка № 3";36497
23,97274;49,82214;"0149";"Вулиця В. Караджича";36499
24,03224;49,82226;"0033";"Музей Івана Франка";36500
24,07514;49,82233;"0287";"Вулиця Є. Ярошинської";36501
24,05448;49,82236;"0223";"Стадіон Україна";36502
24,14702;49,82238;"0307";"Винники (вулиця Кільцева)";36504
24,07514;49,82249;"0284";"Вулиця Є. Ярошинської";36505
23,97447;49,82264;"0146";"Вулиця В. Караджича";36506
24,0143;49,77793;"0434";"Іподром";36288
24,089;49,78049;"0396";"вул. Пасіки Зубрицькі";36289
24,09021;49,78074;"0395";"вул. Пасіки Зубрицькі";36290
24,09674;49,78286;"0390";"Пульмонологічний центр";36291
24,01384;49,78329;"0564";"Вулиця Сокільницька";36293
24,06728;49,78373;"0406";"Вулиця К. Трильовського";36294
24,01447;49,78414;"0435";"Вулиця Сокільницька";36295
24,0599;49,78431;"0461";"Проспект Червоної Калини А32";36296
24,05943;49,78451;"0460";"Проспект Червоної Калини А19";36297
24,05991;49,78455;"0462-А46";"Проспект Червоної Калини А46";36298
24,05987;49,78472;"0462-А04";"Проспект Червоної Калини А04";36299
24,05986;49,78487;"0463-А47";"Проспект Червоної Калини А47";36300
24,05984;49,78509;"0463-А53";"Проспект Червоної Калини А53";36302
24,06966;49,7852;"0354";"Вулиця Б.-І. Антонича";36303
24,05985;49,78526;"0463-А42";"Проспект Червоної Калини А42";36304
24,05875;49,7855;"0457";"Проспект Червоної Калини (висадка)";36305
24,07639;49,78616;"0392";"Станція Сихів (Тр11)";36306
24,01705;49,7874;"0433";"Автовокзал";36308
24,07519;49,78745;"0385";"Вулиця Надійна";36309
24,05931;49,78746;"0458";"Вулиця Коломийська";36310
24,06614;49,78767;"0410";"Вулиця Коломийська - К. Трильовського";36313
24,01463;49,78777;"0563";"Автовокзал";36314
24,07522;49,78789;"0389";"Вулиця Надійна";36315
24,06108;49,78799;"0409";"Вулиця Коломийська";36316
24,05865;49,78876;"0454";"Вулиця Коломийська";36317
24,0592;49,79058;"0456";"Поліклініка №4";36319
24,06755;49,791;"0400";"Вулиця А. Кос-Анатольського";36320
24,06733;49,79134;"0399";"Вулиця А. Кос-Анатольського";36321
24,01538;49,79146;"0562";"Вулиця Михайла Максимовича";36322
24,05821;49,79204;"0453";"Торговий центр ВАМ";36323
24,07447;49,79239;"0388";"Старий Сихів";36324
24,01617;49,7925;"0432";"Вулиця Михайла Максимовича";36325
24,07432;49,79305;"0381";"Старий Сихів";36327
24,02245;49,79351;"0417";"вул. М. Максимовича (А9)";36328
24,06441;49,79371;"0397";"Вулиця Івана Кавалерідзе";36329
24,06172;49,79398;"0424";"Кінотеатр імені О. Довженка";36330
24,016;49,79422;"0561";"Вулиця Ярослава Гашека";36331
24,06335;49,79447;"0426";"Вулиця Івана Кавалерідзе";36332
24,06366;49,79453;"0425";"Вулиця Івана Кавалерідзе";36333
24,01659;49,79456;"0431";"Вулиця Ярослава Гашека";36334
24,05762;49,79466;"0455";"Кінотеатр імені О. Довженка";36335
24,06512;49,7947;"0423";"Вулиця Івана Кавалерідзе";36336
24,0735;49,79567;"0387";"Вулиця Вулецька";36337
24,05384;49,79647;"0452";"Дитяча поліклініка № 4";36339
24,0718;49,79695;"0380";"Вулиця Сихівська";36341
24,07232;49,79699;"0386";"Вулиця Сихівська";36342
24,0168;49,7978;"0560";"Вулиця Ф. Скорини";36344
24,01736;49,79805;"0430";"Вулиця Ф. Скорини";36345
24,03908;49,79822;"0361";"Вулиця Гната Хоткевича";36346
24,04892;49,79897;"0450";"Торговий комплекс Шувар";36347
24,03538;49,79981;"0440";"Духовна семінарія";36349
24,03586;49,80019;"0442";"Духовна семінарія";36350
24,02995;49,80038;"0441";"Вулиця Демнянська";36351
24,04083;49,80056;"0444";"Вулиця В. Чукаріна";36352
24,03037;49,80056;"0443";"Вулиця Демнянська";36353
24,04017;49,80071;"0446";"Вулиця В. Чукаріна";36354
23,99176;49,80105;"0506";"Технологічний коледж";36355
23,98908;49,80113;"0507";"Вулиця Івана Пулюя";36356
24,01754;49,80146;"0565";"Вулиця Стрийська - Наукова";36357
24,06594;49,80153;"0379";"Вулиця Зубрівська";36358
24,01863;49,80171;"0445";"Вулиця Хуторівка-Стрийська";36359
24,01733;49,80209;"0553";"Вулиця Наукова-Стрийська";36360
24,06522;49,80226;"0378";"Вулиця Зубрівська";36361
24,13529;49,80229;"0303";"Винники (вулиця Забава)";36362
24,0133;49,8023;"0537";"Вулиця Академіка Підстригача";36363
24,13506;49,80235;"0304";"Винники (вулиця Забава)";36364
24,01431;49,80239;"0552";"Вулиця Академіка Підстригача";36365
24,12971;49,80252;"0301";"Винники (вулиця Козацька)";36366
24,01838;49,80259;"0436";"Вулиця Стрийська - Хуторівка";36367
24,12926;49,80276;"0302";"Винники (вулиця Козацька)";36368
24,00499;49,80341;"0539";"Вулиця Тролейбусна";36370
24,00103;49,80346;"0550";"Бізнес-центр";36371
23,99633;49,80393;"0548";"Центр зайнятості";36372
23,99974;49,80396;"0541";"Вулиця Княгині Ольги";36373
23,99516;49,80443;"0545";"Центр зайнятості";36375
23,98696;49,80487;"0544";"Вулиця Василя Симоненка";36377
24,06271;49,80494;"0376";"Вулиця Луганська";36379
23,98894;49,80499;"49.80498623.988938";"Вулиця Василя Симоненка";36380
23,98614;49,80536;"0547";"Вулиця Василя Симоненка  (44, 51)";36381
23,98234;49,8054;"0551";"Вулиця Наукова";36382
23,98576;49,80547;"0546";"Вулиця Василя Симоненка";36383
24,01776;49,8055;"0508";"Боднарівка";36384
24,04564;49,80573;"0448";"Вулиця Рахівська";36385
24,06231;49,80593;"0377";"Вулиця Пасічна";36386
23,999;49,80657;"0520";"Аквапарк";36387
23,99876;49,80734;"0522";"Аквапарк";36388
24,00753;49,80737;"0568";"Вулиця Тролейбусна";36389
24,06143;49,80752;"0375";"Автостанція № 5";36390
24,05404;49,80753;"0412";"Вулиця Луганська";36391
24,05369;49,8077;"0413";"Вулиця Луганська";36392
24,01897;49,80783;"0559";"Автобусний завод";36393
24,01703;49,80835;"0478";"Автобусний завод";36394
24,01926;49,80841;"0429";"Автобусний завод";36395
24,13812;49,80887;"0306";"Винники (вулиця Івана Франка)";36397
24,1383;49,80888;"0305";"Винники (вулиця Івана Франка)";36398
24,1204;49,80931;"0293";"Винники (вулиця М. Ломоносова)";36399
24,03062;49,80989;"0414";"Станція Персенківка";36402
24,00737;49,80998;"0479";"Коледж зв'язку";36403
24,00457;49,80999;"0483";"Вулиця Володимира Великого";36404
24,03016;49,81002;"0415";"Станція Персенківка";36405
24,04543;49,81033;"0438";"Вулиця Угорська";36407
24,04549;49,81052;"0439";"Вулиця Угорська";36408
23,99813;49,81054;"0486";"Магазин Океан";36409
23,9968;49,81083;"0482";"Магазин Океан";36412
23,99171;49,81118;"0485";"Вулиця Василя Симоненка";36414
24,05052;49,81121;"0355";"Лікарня № 8";36415
24,02358;49,81136;"0416";"Вулиця Козельницька";36416
24,05072;49,81137;"0356";"Лікарня № 8";36417
24,06109;49,81138;"0371";"Вулиця В. Навроцького";36418
24,06076;49,81208;"0374";"Вулиця В. Навроцького";36420
23,99992;49,81222;"0521";"Вулиця Бойчука";36422
24,0381;49,81289;"0437";"Церква Святих Кирила і Мефодія";36425
24,00072;49,81301;"0518";"Вулиця Бойчука";36426
23,97686;49,81355;"49.81355023.976858";"Торгово-виробничий комплекс Південний";36429
24,06032;49,81359;"0370";"Вулиця Бузкова";36430
23,98472;49,81359;"0136";"Вулиця Перфецького";36431
24,06012;49,81362;"0373";"Вулиця Бузкова";36432
23,97685;49,81365;"0130";"Торгово-виробничий комплекс Південний";36433
24,04404;49,81375;"0358";"Вулиця С. Литвиненка";36434
24,04262;49,81377;"0422";"Вулиця Литвиненка";36435
23,96037;49,81379;"0153";"Аеропорт (Термінал А)";36436
24,03581;49,81388;"0420";"Вулиця Кибальчича";36437
24,03558;49,814;"0421";"Вулиця Кибальчича";36438
24,07569;49,81455;"0214";"Торговий центр Метро-2";36439
24,02046;49,81461;"0403";"Державна податкова адміністрація";36440
24,02308;49,81463;"0404";"Державна податкова адміністрація";36441
24,01966;49,81496;"0566";"Державна податкова адміністрація";36442
24,01994;49,81499;"0428";"Державна податкова адміністрація";36444
24,07036;49,81568;"0363";"Перинатальний центр";36445
24,063;49,81594;"0365";"Вулиця Джорджа Вашингтона";36446
24,06273;49,81598;"0216";"Вулиця Джорджа Вашингтона";36447
24,06933;49,81611;"0215";"Перинатальний центр";36448
24,04468;49,81617;"0359";"Вулиця Тернопільська";36449
24,0505471389007;49,8139408505248;"0367";"Лікарня № 8";36450
24,13578;49,81648;"0308";"Винники";36451
24,05056;49,81662;"0368";"Вулиця Дунайська";36452
24,05072;49,81663;"0366";"Вулиця Дунайська";36453
24,02581;49,81666;"0408";"Вулиця Козельницька";36454
23,97246;49,81668;"0129";"Вулиця О. Кульчицької";36455
24,02661;49,8167;"0419";"Вулиця Козельницька";36456
24,13721;49,8168;"0300";"Винники";36457
24,13702;49,81683;"0296";"Винники";36458
23,95582;49,81687;"0152";"Аеропорт (VIP термінал)";36459
24,07737;49,81703;"0282";"Церква Благовіщення Пресвятої Богородиці";36460
24,14411;49,8173;"0297";"Винники (вулиця Галицька)";36461
24,14409;49,81739;"0299";"Винники (вулиця Галицька)";36463
24,05987;49,81761;"0224";"Вулиця Дністерська";36464
23,95993;49,81778;"0155";"Готель Тустань";36466
24,05944;49,81779;"0372";"Вулиця Дністерська";36467
24,1576;49,81783;"0298";"Винники (Кільцева дорога) зв.";36468
24,00323;49,81792;"0523";"Вулиця М. Аркаса";36469
24,04422;49,81804;"0357";"Стадіон Україна";36470
24,02519;49,81809;"0402";"Вулиця Козельницька";36471
24,04377;49,81814;"0005";"Стадіон Україна";36472
24,00392;49,81834;"0514";"Вулиця М. Аркаса";36473
23,9636;49,81891;"0151";"Вулиця М. Кричевського";36474
23,96512;49,8193;"0154";"Вулиця М. Кричевського";36475
23,98071;49,81978;"0172";"Вулиця Симона Петлюри";36479
23,9809;49,81982;"0173";"Вулиця Симона Петлюри";36480
23,9694;49,82002;"0133";"Вулиця Любінська";36481
24,02044;49,82024;"0075";"Дитяча залізниця";36483
24,02748;49,82038;"0401";"РАГС";36484
24,11274;49,82042;"0318";"Винниківське озеро";36486
24,02734;49,82045;"0038";"РАГС";36487
24,0202;49,82054;"0558";"Дитяча залізниця";36488
24,11253;49,82065;"0317";"Винниківське озеро";36489
24,0160621062384;49,8665428811085;"0612";"Вулиця Варшавська";36831
24,0563014961558;49,9022954487966;"49.90920924.054575";"вул. Садова (Великі Грибовичі, зі Львова)";45588
24,0561137415247;49,9023118609179;"49.90944824.054275";"вул. Садова (Великі Грибовичі, до Львова)";45590
23,8847143612117;49,8384859305414;"49.83981923.877117";"Вулиця Наливайка";36660
23,9827246800041;49,8093585068889;"0533";"Вулиця Щирецька";36400
23,9925143164635;49,804241159824;"0540";"Вулиця Івана Пулюя";36374
24,001225364418;49,8103900058903;"0481";"Вулиця Володимира Великого";36406
23,9903055975532;49,8114923103333;"0484";"Вулиця Василя Симоненка";36419
23,9825533816147;49,8096076945499;"0138";"Вулиця Щирецька";36401
23,9878824196434;49,8193925958385;"0137";"Кульпарків";36476
24,0117672009888;49,808917235785;"0480";"Вулиця Янева";36396
23,9657160638237;49,8226110650298;"0120";"Вулиця М. Кричевського";36507
23,9614304368401;49,8229999176395;"0121";"Вулиця Є. Патона";36512
23,9606222159386;49,8231906649596;"0119";"Вулиця Є. Патона";36515
23,9699824196434;49,8196204819716;"0128";"Вулиця Любінська";36478
23,9714934110451;49,8174322049495;"0134";"Вулиця Кульчицької";36462
23,9822089791679;49,8123008654063;"0131";"Скнилівок";36423
23,9820938478851;49,8121395170145;"0135";"Скнилівок";36421
23,9681887166023;49,8205293069216;"0150";"Вулиця І. Виговського";36485
24,0523141546669;49,8720377966902;"0574";"Вулиця Б. Грінченка";36840
23,9697394995307;49,820821657157;"0148";"Вулиця І. Виговського";36491
23,9767663263893;49,8239721938386;"0147";"Вулиця Д. Яворницького";36522
23,9549948392868;49,8268082429237;"0166";"Вулиця Ряшівська";36552
23,9544583974838;49,8269561828077;"0169";"Вулиця Ряшівська";36551
23,9796791828728;49,8217832247177;"0171";"Стоматологічна клініка № 3";36498
23,951226368803;49,8737934959017;"0724";"вул. Малковицька";39142
23,9516555222454;49,8738868408834;"0723";"вул. Малковицька";39140
24,0269538684311;49,8469326381112;"0069-01";"Площа Святого Теодора (висадка)";37263
23,9904745736999;49,8469579434609;"0141";"Вулиця Естонська";36729
24,0054429447746;49,8372490845789;"0046";"площа Кропивницького";37648
23,9907551018524;49,8312308378916;"0530";"Кардіологічний центр";36576
23,9850822297859;49,8136736975724;"0534";"Вулиця Перфецького";36427
24,0237593574943;49,85054385316;"0727-01";"ТРЦ Форум-Львів";54734
24,0656872589302;49,7927076166353;"0398";"Вулиця Івана Кавалерідзе";36326
24,1372521449508;49,8195770106406;"49.819309, 24.137021";"Вулиця Івасюка (Винники)";54517
23,9680295337296;49,8295841988832;"0124";"Мотозавод";36565
23,9366917258759;49,8216087316382;"0085";"Станція Скнилів";36493
23,9363081699867;49,8220551933322;"0085-01";"Станція Скнилів";37288
24,0593792711639;49,7852041287907;"0459";"Проспект Червоної Калини А7, 11, 13, 14";36301
24,0599707514413;49,8738773102951;"0593";"Ринок Галицьке Перехрестя";36865
24,0609942337387;49,8746122748608;"0595";"Ринок Галицьке Перехрестя";36868
23,991878487236;49,8047359319608;"0549";"Вулиця І. Пулюя";36376
24,0280728004189;49,841366988153;"0708";"пл. Івана Підкови";55464
23,9752512574291;49,8143150414927;"0132";"Торгово-виробничий комплекс Південний";36428
24,0031469597244;49,8359184966471;"0510";"вулиця І. Тобілевича";55476
24,0357430942093;49,8333648650547;"0022";"Вулиця Шота Руставелі";55478
24,1023998545094;49,7722289543372;"0393";"Сихівське кладовище";55480
24,0717740980158;49,7982913748619;"0382";"Вулиця Сихівська";55484
24,0054367977619;49,8298249797724;"0465";"Палац спорту Україна";55497
24,0031850832939;49,8306269142314;"0499";"Вулиця Андрій Мельника";55499
24,0007509786129;49,8292419036514;"0500";"Вулиця Максима Залізняка";55501
23,9996687072754;49,8284347555224;"0501";"Вулиця Максима Залізняка";55503
23,9930074411869;49,8242430784005;"0504";"Вулиця Євгена Коновальця";55509
23,9929149049759;49,824307967811;"0504-01";"Вулиця Євгена Коновальця (висадка)";55511
24,0223404689255;49,8363966565141;"0043";"Головна пошта";55495
23,9968191661373;49,8266464885917;"0503";"Вулиця Гординських";55507
23,997383771135;49,827100690071;"0502";"Вулиця Гординських";55505
24,0321460164929;49,8414858246031;"0061";"Площа Ринок";55523
24,0347946978951;49,8419900495246;"0063";"Вулиця Руська";55527
24,0345224536801;49,8419926441504;"0058";"Вулиця Руська";55525
24,0043093995775;49,8363026252423;"0528";"Церква Ольги та Єлизавети";37315
24,0151925715942;49,8431216663867;"0680";"Церква Святої Анни";36690
23,9873048196527;49,8536652163812;"0703-01";"Вулиця Татарбунарська (висадка)";55544
23,9869601557943;49,8540448034451;"0703";"Вулиця Татарбунарська";55542
24,0264549775543;49,8614467708231;"0704";"Вулиця Торф'яна";55546
24,0291961951675;49,8462088060855;"0002";"Площа Старий Ринок";55548
24,028922609848;49,8465417528676;"0003";"Площа Старий Ринок";55550
24,0269163175049;49,8502126634005;"0023";"Вулиця Під Дубом";55552
24,0273883862915;49,8519671650387;"0642";"Палац культури імені Гната Хоткевича";55554
24,0280911250534;49,8537734828822;"0641";"Вулиця Гайдамацька";55556
24,0277531667175;49,8571101078959;"0643";"Фабрика Динамо";55558
24,0225712346501;49,8431273254587;"0014";"Вулиця Северина Наливайка";36692
24,0271806108422;49,8584112199102;"0645";"Вулиця Городницька";55589
24,0270344304509;49,8585780838502;"0644";"Вулиця Городницька";55587
24,0349239685074;49,8381934601396;"0074";"Площа Соборна";55601
24,0313442293262;49,8301089103953;"0034";"Площа Івана Франка";55603
24,0176758295345;49,8324765066839;"0505";"Вулиця Академіка Сахарова";55606
24,0125246471214;49,8322801409653;"0527";"Вулиця Київська";55610
24,0117642408657;49,8324557455884;"0511";"Вулиця Київська";55608
24,0073694413948;49,8345759264519;"0555";"Вулиця Русових";55613
24,0343806272793;49,834457420223;"0035";"Вулиця Зелена";55628
23,9988401984606;49,8070821524717;"0519-01";"Аквапарк (висадка)";55643
23,9989488279257;49,8070743629747;"0519";"Аквапарк";55640
24,0008599018488;49,8136668860205;"0516";"Вулиця Бойчука";55670
24,0004562293921;49,8130256338183;"0517";"Вулиця Бойчука";55672
24,0032926654253;49,817628441993;"0524";"Вулиця Аркаса";55675
24,0108833169375;49,8269694379335;"0468";"Вулиця Горбачевського";55679
24,0112360274229;49,8273509649155;"0469";"Вулиця Горбачевського";55681
24,017187849227;49,8318062159799;"0467";"Вулиця Академіка Сахарова";55685
24,0031773304377;49,8175488333144;"0525";"Вулиця Аркаса";55677
24,0065771265449;49,8225118093618;"49.82246424.006571";"Вулиця Шумського";55687
24,0066321118298;49,8226545710588;"49.82274224.006665";"Вулиця Шумського";55689
24,0282788796844;49,8543381054856;"49.85439924.028236";"Вулиця Гайдамацька";55695
23,9937052054825;49,8350784161242;"0495";"Трамвайне депо";55717
23,9910538418713;49,8344114973563;"0112";"Трамвайне депо";55720
23,9997911377373;49,8363222685775;"0745";"Привокзальний ринок";55722
23,9997441990795;49,8363629224641;"0744";"Привокзальний ринок";55724
24,0186068339767;49,8203331270745;"0735";"Вулиця Академіка Сахарова";55331
24,0197053174624;49,8201085709836;"0001";"Вулиця Стрийська";36482
23,9761876984062;49,8183135619126;"0773";"Вулиця Насінна";56109
24,0300786419334;49,8156371188261;"0712";"Вулиця Енергетична";56129
23,9582181313275;49,817110731053;"0728";"Готель Тустань";56131
23,9830704364319;49,8460274919969;"0729";"Вулиця Озерна";56133
23,9826546940346;49,845808696328;"0730";"Вулиця Бандрівського";56135
24,044618100275;49,8664187727625;"0661";"Вулиця Липинського";56143
24,0407466374987;49,8544936320566;"0671";"Вулиця Промислова";56145
24,0406473957652;49,8546449458479;"0672";"Вулиця Промислова";56147
24,0422191702479;49,8574056908652;"0673";"Трамвайне депо";56149
24,0426456414813;49,8578613326454;"0676";"Трамвайне депо";56151
24,0441691362017;49,8625636160753;"0675";"Фабрика Світанок";56155
24,0438338600749;49,8620129218565;"0674";"Фабрика Світанок";56153
24,044397123968;49,8640453586757;"0678";"Вулиця Городницька";56157
24,040088645977;49,8328518576416;"0780";"Вулиця Вагилевича";56160
24,0392947121086;49,8332367983528;"0779";"Вулиця Вагилевича";56162
24,0094953699532;49,8348258357792;"0066";"Вулиця Степана Бандери";36607
24,0286973042908;49,8161935335057;"0711";"Вулиця Енергетична";56127
24,0407571005249;49,8763587577764;"49.86572424.044272";"Лікарня швидкої допомоги";36827
24,0408134269142;49,8762126975633;"0658";"Лікарня швидкої допомоги";36869
24,0242461784306;49,8490020874899;"0054";"Вулиця Пантелеймона Куліша";36739
23,9248871989155;49,8225460565619;"0107";"Торгові центри";36503
23,9242689497375;49,8226542093248;"0103";"Торгові центри";36508
23,9200216717625;49,8216514076353;"0108";"Торговий центр Метро";36496
24,0058314724388;49,8030109301524;"0538";"Вулиця Тролейбусна";36369
24,0423323464779;49,8123393195468;"0362";"Вулиця Д. Карбишева";36424
23,959225408596;49,8419996421446;"0803";"5-й парк";56244
23,9601373596611;49,8420904539463;"0802";"5-й парк";56246
24,0393939538422;49,796648555117;"0360";"Вулиця Гната Хоткевича";39255
24,0117263359216;49,8370744348254;"0781";"Собор Святого Юра";36638
24,036650803566;49,8248772346029;"0073";"Академія мистецтв";36533
24,0376727252007;49,8245389475009;"0072";"Академія мистецтв";36531
24,0342575235786;49,8267832301099;"0028";"Стрийський парк";64018
24,0178791458244;49,832113188757;"0466";"Вулиця Академіка Сахарова";55683
24,0360070734024;49,8253426999456;"0004";"Академія мистецтв";55342
24,0462074352923;49,8105435876684;"0797";"Вулиця Угорська";64153
24,0475297643366;49,79962918789;"0794";"Торговий комплекс Шувар";64157
24,0475378109637;49,7997321980889;"0795";"Торговий комплекс Шувар";64159
24,0562710835162;49,7949199162283;"0791";"Кінотеатр імені О. Довженка";64165
24,0562774437207;49,7949857210676;"0790";"Кінотеатр імені О. Довженка";64167
24,024682488224;49,8497089629023;"0006";"Площа 700-річчя Львова";36742
24,0491357369842;49,7983850903556;"0449";"Торговий комплекс Шувар";36348
24,0730612448911;49,8357568729508;"0750";"Вулиця Ромоданівська";64194
24,0806473632249;49,838445611089;"0751";"Вулиця Дубова";64196
24,0797461409959;49,8382354305302;"0752";"Вулиця Дубова";64198
24,0429559274139;49,8776114536584;"0763";"Розточчя";64200
24,012343875927;49,823719511572;"0757";"Вулиця Куликівська";64202
24,0123063250008;49,8240041622203;"0758";"Вулиця Куликівська";64204
24,0813705249252;49,8471626708701;"0764";"Вулиця Духновича";64206
24,0810942573967;49,8469767422212;"0765";"Вулиця Духновича";64208
24,0608328504982;49,8610145053017;"0766";"Вулиця Ковельська";64210
23,9774791820469;49,818557142899;"0774";"Вулиця Насінна";56111
24,0004862975121;49,8615222036785;"0777";"Вулиця Петрицького";64217
24,0000383686066;49,8615023195804;"0778";"Вулиця Петрицького";64219
24,0251564835186;49,8455111512905;"0705";"Вулиця Вагова";36723
24,046037785572;49,8031295134238;"0801";"Вулиця Колодзінського";64223
24,0465125365677;49,8034038984199;"0800";"Вулиця Колодзінського";64221
24,0589965431514;49,7878752094263;"0789";"Вулиця Коломийська";64225
24,0589375345531;49,7878804044837;"0788";"Вулиця Коломийська";64228
24,0588049328449;49,7901901111567;"0753";"Поліклініка №4";64240
24,0589455811801;49,7901800285534;"0754";"Поліклініка №4";64238
24,0590340940776;49,7858161911047;"0787";"Драгана";64230
24,059095784885;49,7858196546237;"0786";"Драгана";64232
24,0591360180202;49,7826971917885;"0784";"Вулиця Вернадського";64236
24,059288903934;49,7826989236595;"0785";"Вулиця Вернадського";64234
24,0515597374344;49,7971182382472;"0451";"Дитяча поліклініка № 4";36343
